sample-id	barcode	rep	species	type
#q2:types	categorical	categorical	categorical	categorical
10879_Dulse_Microbiome_1_S1	ACTCGGCAAT-GACAACTGAA	Palmaria: Uncultured	Palmaria palmata	Uncultured
10879_Dulse_Microbiome_2_S2	GTCTAATGGC-AGTGGTCAGG	Palmaria: Uncultured	Palmaria palmata	Uncultured
10879_Dulse_Microbiome_3_S3	CCATCTCGCC-TTCTATGGTT	Palmaria: Uncultured	Palmaria palmata	Uncultured
10879_Dulse_Microbiome_4_S4	CTGCGAGCCA-AATCCGGCCA	Palmaria: Uncultured	Palmaria palmata	Uncultured
10879_Dulse_Microbiome_5_S5	CGTTATTCTA-CCATAAGGTT	Palmaria: Uncultured	Palmaria palmata	Uncultured
10879_Dulse_Microbiome_6_S6	AGATCCATTA-ATCTCTACCA	Palmaria: Uncultured	Palmaria palmata	Uncultured
10879_Fucus_Microbiome_1_S7	GTCCTGGATA-CGGTGGCGAA	Fucus: Uncultured	Fucus serratus	Uncultured
10879_Fucus_Microbiome_4_S8	TATGCCTTAC-AGACACATTA	Fucus: Uncultured	Fucus serratus	Uncultured
10879_Fucus_Microbiome_5_S9	GACACCATGT-TCAACGTGTA	Fucus: Uncultured	Fucus serratus	Uncultured
10879_Fucus_Microbiome_6_S10	CCTGTCTGTC-ACTGTTGTGA	Fucus: Uncultured	Fucus serratus	Uncultured
10879_Fucus_Microbiome_3_S12	GGAATTGTAA-AGCACATCCT	Fucus: Uncultured	Fucus serratus	Uncultured
10879_Dulse_1_Agar_S14	CTGAGGAATA-CTTAACCACT	Palmaria: SSM	Palmaria palmata	SSM
10879_Dulse_2_Agar_S15	AACGCACGAG-GCCTCGGATA	Palmaria: SSM	Palmaria palmata	SSM
10879_Dulse_3_Agar_S16	TCTATCCTAA-CGTCGACTGG	Palmaria: SSM	Palmaria palmata	SSM
10879_Dulse_4_Agar_S17	CTCGCTTCGG-TACTAGTCAA	Palmaria: SSM	Palmaria palmata	SSM
10879_Dulse_5_Agar_S18	CTGTTGGTCC-ATAGACCGTT	Palmaria: SSM	Palmaria palmata	SSM
10879_Dulse_6_Agar_S19	TTACCTGGAA-ACAGTTCCAG	Palmaria: SSM	Palmaria palmata	SSM
10879_Dulse_1_MB_S20	TGGCTAATCA-AGGCATGTAG	Palmaria: MB	Palmaria palmata	MB
10879_Dulse_2_MB_S21	AACACTGTTA-GCAAGTCTCA	Palmaria: MB	Palmaria palmata	MB
10879_Dulse_3_MB_S22	ATTGCGCGGT-TTGGCTCCGC	Palmaria: MB	Palmaria palmata	MB
10879_Dulse_4_MB_S23	TGGCGCGAAC-AACTGATACT	Palmaria: MB	Palmaria palmata	MB
10879_Dulse_5_MB_S24	TAATGTGTCT-GTAAGGCATA	Palmaria: MB	Palmaria palmata	MB
10879_Dulse_6_MB_S25	ATACCAACGC-AATTGCTGCG	Palmaria: MB	Palmaria palmata	MB
10879_Fucus_1_Agar_S26	AGGATGTGCT-TTACAATTCC	Fucus: SSM	Fucus serratus	SSM
10879_Fucus_2_Agar_S27	CACGGAACAA-AACCTAGCAC	Fucus: SSM	Fucus serratus	SSM
10879_Fucus_3_Agar_S28	TGGAGTACTT-TCTGTGTGGA	Fucus: SSM	Fucus serratus	SSM
10879_Fucus_4_Agar_S29	GTATTGACGT-GGAATTCCAA	Fucus: SSM	Fucus serratus	SSM
10879_Fucus_5_Agar_S30	CTTGTACACC-AAGCGCGCTT	Fucus: SSM	Fucus serratus	SSM
10879_Fucus_6_Agar_S31	ACACAGGTGG-TGAGCGTTGT	Fucus: SSM	Fucus serratus	SSM
10879_Fucus_1_MB_S32	CCTGCGGAAC-ATCATAGGCT	Fucus: MB	Fucus serratus	MB
10879_Fucus_2_MB_S33	TTCATAAGGT-TGTTAGAAGG	Fucus: MB	Fucus serratus	MB
10879_Fucus_3_MB_S34	CTCTGCAGCG-GATGGATGTA	Fucus: MB	Fucus serratus	MB
10879_Fucus_4_MB_S35	CTGACTCTAC-ACGGCCGTCA	Fucus: MB	Fucus serratus	MB
10879_Fucus_5_MB_S36	TCTGGTATCC-CGTTGCTTAC	Fucus: MB	Fucus serratus	MB
10879_Fucus_6_MB_S37	CATTAGTGCG-TGACTACATA	Fucus: MB	Fucus serratus	MB
10879_Fucus_Microbiome_2_S41	ACCGTTACAA-CTCATAGCGA	Fucus: Uncultured	Fucus serratus	Uncultured